"","position","gene","Replic","variable","value","s"
"1","1004142","ycbF →","R2",2,10.8,34
"2","1004142","ycbF →","R2",3,10.9,34
"3","1004142","ycbF →","R2",1,12.3,34
"4","1004142","ycbF →","R2",0,0,34
"5","1040976","appA →","R2",1,0,14.4
"6","1040976","appA →","R2",0,0,14.4
"7","1040976","appA →","R2",3,0,14.4
"8","1040976","appA →","R2",2,14.4,14.4
"9","1080910","putP → / → efeO","R2",0,0,16.4
"10","1080910","putP → / → efeO","R2",2,16.4,16.4
"11","1080910","putP → / → efeO","R2",1,0,16.4
"12","1080910","putP → / → efeO","R2",3,0,16.4
"13","1080937","putP → / → efeO","R2",2,8.7,18.7
"14","1080937","putP → / → efeO","R2",0,0,18.7
"15","1080937","putP → / → efeO","R2",3,10,18.7
"16","1080937","putP → / → efeO","R2",1,0,18.7
"17","1188591","phoQ ←","R4",3,100,300
"18","1188591","phoQ ←","R4",1,100,300
"19","1188591","phoQ ←","R4",0,0,300
"20","1188591","phoQ ←","R4",2,100,300
"21","1260896","dauA ← / ← prs","R1",2,100,429.6
"22","1260896","dauA ← / ← prs","R2",0,0,429.6
"23","1260896","dauA ← / ← prs","R2",2,100,429.6
"24","1260896","dauA ← / ← prs","R2",1,0,429.6
"25","1260896","dauA ← / ← prs","R1",3,100,429.6
"26","1260896","dauA ← / ← prs","R1",0,0,429.6
"27","1260896","dauA ← / ← prs","R2",3,100,429.6
"28","1260896","dauA ← / ← prs","R1",1,29.6,429.6
"29","1286965","ychS →","R2",3,10.3,25.4
"30","1286965","ychS →","R2",2,15.1,25.4
"31","1286965","ychS →","R2",2,0,25.4
"32","1286965","ychS →","R2",3,0,25.4
"33","1286965","ychS →","R2",1,0,25.4
"34","1286965","ychS →","R2",1,0,25.4
"35","1286965","ychS →","R2",0,0,25.4
"36","1286965","ychS →","R2",0,0,25.4
"37","132415","acnB →","R2",3,0,10
"38","132415","acnB →","R2",1,0,10
"39","132415","acnB →","R2",2,10,10
"40","132415","acnB →","R2",0,0,10
"41","1619448","marR →","R4",2,0,21.9
"42","1619448","marR →","R4",1,0,21.9
"43","1619448","marR →","R4",0,0,21.9
"44","1619448","marR →","R4",3,21.9,21.9
"45","1708901","rsxC →","R2",2,9.7,35.1
"46","1708901","rsxC →","R2",0,0,35.1
"47","1708901","rsxC →","R2",1,13.2,35.1
"48","1708901","rsxC →","R2",3,12.2,35.1
"49","1708916","rsxC →","R2",1,0,26.4
"50","1708916","rsxC →","R2",3,15,26.4
"51","1708916","rsxC →","R2",0,0,26.4
"52","1708916","rsxC →","R2",2,11.4,26.4
"53","1866213","mipA ←","R2",1,0,84.1
"54","1866213","mipA ←","R2",3,84.1,84.1
"55","1866213","mipA ←","R2",0,0,84.1
"56","1866213","mipA ←","R2",2,0,84.1
"57","1908792","mgrB ← / → yobH","R1",2,0,91.1
"58","1908792","mgrB ← / → yobH","R1",0,0,91.1
"59","1908792","mgrB ← / → yobH","R1",3,0,91.1
"60","1908792","mgrB ← / → yobH","R1",1,91.1,91.1
"61","1908812","mgrB ← / → yobH","R1",2,100,271.9
"62","1908812","mgrB ← / → yobH","R1",3,100,271.9
"63","1908812","mgrB ← / → yobH","R1",0,0,271.9
"64","1908812","mgrB ← / → yobH","R1",1,71.9,271.9
"65","2013360","fliF →","R2",1,11.6,30.4
"66","2013360","fliF →","R2",3,0,30.4
"67","2013360","fliF →","R2",0,0,30.4
"68","2013360","fliF →","R4",3,10.3,30.4
"69","2013360","fliF →","R2",2,8.5,30.4
"70","2013360","fliF →","R4",2,0,30.4
"71","2013360","fliF →","R4",1,0,30.4
"72","2013360","fliF →","R4",0,0,30.4
"73","2067354","yoeA–insH7","R2",0,0,100
"74","2067354","yoeA–insH7","R2",3,0,100
"75","2067354","yoeA–insH7","R2",1,100,100
"76","2067354","yoeA–insH7","R2",2,0,100
"77","2177234","gatY ← / ← fbaB","R2",1,0,13.9
"78","2177234","gatY ← / ← fbaB","R2",3,13.9,13.9
"79","2177234","gatY ← / ← fbaB","R2",0,0,13.9
"80","2177234","gatY ← / ← fbaB","R2",2,0,13.9
"81","2177245","gatY ← / ← fbaB","R2",3,10.1,32.4
"82","2177245","gatY ← / ← fbaB","R2",2,12.6,32.4
"83","2177245","gatY ← / ← fbaB","R2",0,0,32.4
"84","2177245","gatY ← / ← fbaB","R2",1,9.7,32.4
"85","2458780","fadJ ←","R1",1,0,11
"86","2458780","fadJ ←","R1",0,0,11
"87","2458780","fadJ ←","R1",3,0,11
"88","2458780","fadJ ←","R1",2,11,11
"89","2725812","kgtP ← / → yfiS","R2",3,0,11.8
"90","2725812","kgtP ← / → yfiS","R2",2,0,11.8
"91","2725812","kgtP ← / → yfiS","R2",1,11.8,11.8
"92","2725812","kgtP ← / → yfiS","R2",0,0,11.8
"93","2965101","thyA ←","R2",0,0,13.3
"94","2965101","thyA ←","R2",2,0,13.3
"95","2965101","thyA ←","R2",3,0,13.3
"96","2965101","thyA ←","R2",1,13.3,13.3
"97","298557","paoD ←","R2",2,11.3,32.8
"98","298557","paoD ←","R2",3,11.1,32.8
"99","298557","paoD ←","R2",0,0,32.8
"100","298557","paoD ←","R2",1,10.4,32.8
"101","3054881","ygfB ←","R1",2,13.6,13.6
"102","3054881","ygfB ←","R1",1,0,13.6
"103","3054881","ygfB ←","R1",0,0,13.6
"104","3054881","ygfB ←","R1",3,0,13.6
"105","3090442","endA →","R2",0,0,10.8
"106","3090442","endA →","R2",2,0,10.8
"107","3090442","endA →","R2",3,0,10.8
"108","3090442","endA →","R2",1,10.8,10.8
"109","3171106","qseC →","R2",3,0,10
"110","3171106","qseC →","R2",0,0,10
"111","3171106","qseC →","R2",2,10,10
"112","3171106","qseC →","R2",1,0,10
"113","3270479","rnpB ←","R2",2,10.7,29.8
"114","3270479","rnpB ←","R2",3,8.5,29.8
"115","3270479","rnpB ←","R2",0,0,29.8
"116","3270479","rnpB ←","R2",1,10.6,29.8
"117","3328463","greA ←","R4",2,0,28.5
"118","3328463","greA ←","R4",0,0,28.5
"119","3328463","greA ←","R4",3,28.5,28.5
"120","3328463","greA ←","R4",1,0,28.5
"121","3407973","panF →","R1",2,0,12.4
"122","3407973","panF →","R1",0,0,12.4
"123","3407973","panF →","R1",3,12.4,12.4
"124","3407973","panF →","R1",1,0,12.4
"125","3445089","rpsE ←","R1",0,0,10.2
"126","3445089","rpsE ←","R1",1,0,10.2
"127","3445089","rpsE ←","R1",2,10.2,10.2
"128","3445089","rpsE ←","R1",3,0,10.2
"129","364192","lacZ ←","R2",0,0,18.4
"130","364192","lacZ ←","R2",3,8.1,18.4
"131","364192","lacZ ←","R2",1,10.3,18.4
"132","364192","lacZ ←","R2",2,0,18.4
"133","4082695","fdoH ←","R2",1,22.6,39.5
"134","4082695","fdoH ←","R2",2,16.9,39.5
"135","4082695","fdoH ←","R2",3,0,39.5
"136","4082695","fdoH ←","R2",0,0,39.5
"137","4082697","fdoH ←","R2",2,0,12.9
"138","4082697","fdoH ←","R2",1,12.9,12.9
"139","4082697","fdoH ←","R2",0,0,12.9
"140","4082697","fdoH ←","R2",3,0,12.9
"141","4104912","cpxA ←","R4",2,0,81.7
"142","4104912","cpxA ←","R4",3,81.7,81.7
"143","4104912","cpxA ←","R4",0,0,81.7
"144","4104912","cpxA ←","R4",1,0,81.7
"145","4220007","aceK →","R4",0,0,18.8
"146","4220007","aceK →","R4",1,0,18.8
"147","4220007","aceK →","R4",3,18.8,18.8
"148","4220007","aceK →","R4",2,0,18.8
"149","4283228","yjcF ← / ← actP","R2",3,8.7,43.4
"150","4283228","yjcF ← / ← actP","R4",0,0,43.4
"151","4283228","yjcF ← / ← actP","R2",1,9.9,43.4
"152","4283228","yjcF ← / ← actP","R4",1,0,43.4
"153","4283228","yjcF ← / ← actP","R2",2,11.2,43.4
"154","4283228","yjcF ← / ← actP","R4",2,0,43.4
"155","4283228","yjcF ← / ← actP","R2",0,0,43.4
"156","4283228","yjcF ← / ← actP","R4",3,13.6,43.4
"157","4412785","yjfM →","R2",3,0,14.7
"158","4412785","yjfM →","R2",2,0,14.7
"159","4412785","yjfM →","R2",1,14.7,14.7
"160","4412785","yjfM →","R2",0,0,14.7
"161","458790","clpX → / → lon","R1",0,0,65.3
"162","458790","clpX → / → lon","R1",2,0,65.3
"163","458790","clpX → / → lon","R1",1,65.3,65.3
"164","458790","clpX → / → lon","R1",3,0,65.3
"165","4596823","lgoD →","R2",1,0,10.9
"166","4596823","lgoD →","R2",3,0,10.9
"167","4596823","lgoD →","R2",2,10.9,10.9
"168","4596823","lgoD →","R2",0,0,10.9
"169","484024","acrB ←","R2",3,100,100
"170","484024","acrB ←","R2",2,0,100
"171","484024","acrB ←","R2",1,0,100
"172","484024","acrB ←","R2",0,0,100
"173","493563","dnaX →","R4",2,0,10.1
"174","493563","dnaX →","R4",0,0,10.1
"175","493563","dnaX →","R4",3,0,10.1
"176","493563","dnaX →","R4",1,10.1,10.1
"177","825244","ybhR ←","R2",2,13.9,13.9
"178","825244","ybhR ←","R2",3,0,13.9
"179","825244","ybhR ←","R2",0,0,13.9
"180","825244","ybhR ←","R2",1,0,13.9
"181","92823","ftsI →","R4",3,100,300
"182","92823","ftsI →","R4",1,100,300
"183","92823","ftsI →","R4",2,100,300
"184","92823","ftsI →","R4",0,0,300
"185","93022","ftsI →","R2",1,100,300
"186","93022","ftsI →","R2",3,100,300
"187","93022","ftsI →","R2",2,100,300
"188","93022","ftsI →","R2",0,0,300
