"","position","gene","Replic","variable","value"
"1","231794","yafD →","R2",0,0
"2","458790","clpX → / → lon","R2",0,0
"3","486025","acrR →","R2",0,0
"4","2536312","crr →","R2",0,0
"5","3205983","ttdR ←","R2",0,0
"6","255959","gpt–[ykfC]","R3",0,0
"7","422429","proY → / → malZ","R3",0,0
"8","3334709","ispB → / → sfsB","R3",0,0
"9","298557","paoD ←","R4",0,0
"10","610878","fepA ←","R4",0,0
"11","729383","ybfA → / → rhsC","R4",0,0
"12","1040970","appA →","R4",0,0
"13","1080910","putP → / → efeO","R4",0,0
"14","1169574","ldtC ←","R4",0,0
"15","1708814","rsxC →","R4",0,0
"16","1708901","rsxC →","R4",0,0
"17","1708916","rsxC →","R4",0,0
"18","2115775","wcaM ←","R4",0,0
"19","2177234","gatY ← / ← fbaB","R4",0,0
"20","2204829","yehL →","R4",0,0
"21","2453702","yfcS ← / ← yfcV","R4",0,0
"22","2642521","rodZ ←","R4",0,0
"23","2725812","kgtP ← / → yfiS","R4",0,0
"24","3205983","ttdR ←","R4",0,0
"25","3214380","rpoD →","R4",0,0
"26","3307094","deaD ←","R4",0,0
"27","3445093","rpsE ←","R4",0,0
"28","3535423","envZ ←","R4",0,0
"29","3782535","cysE ←","R4",0,0
"30","3828980","xanP →","R4",0,0
"31","4082695","fdoH ←","R4",0,0
"32","4220007","aceK →","R4",0,0
"33","4226344","metH →","R4",0,0
"34","231794","yafD →","R2",1,0
"35","458790","clpX → / → lon","R2",1,100
"36","486025","acrR →","R2",1,100
"37","2536312","crr →","R2",1,0
"38","3205983","ttdR ←","R2",1,0
"39","255959","gpt–[ykfC]","R3",1,0
"40","422429","proY → / → malZ","R3",1,0
"41","3334709","ispB → / → sfsB","R3",1,0
"42","298557","paoD ←","R4",1,8.6
"43","610878","fepA ←","R4",1,0
"44","729383","ybfA → / → rhsC","R4",1,0
"45","1040970","appA →","R4",1,9.6
"46","1080910","putP → / → efeO","R4",1,0
"47","1169574","ldtC ←","R4",1,0
"48","1708814","rsxC →","R4",1,0
"49","1708901","rsxC →","R4",1,0
"50","1708916","rsxC →","R4",1,0
"51","2115775","wcaM ←","R4",1,0
"52","2177234","gatY ← / ← fbaB","R4",1,0
"53","2204829","yehL →","R4",1,0
"54","2453702","yfcS ← / ← yfcV","R4",1,0
"55","2642521","rodZ ←","R4",1,0
"56","2725812","kgtP ← / → yfiS","R4",1,0
"57","3205983","ttdR ←","R4",1,0
"58","3214380","rpoD →","R4",1,100
"59","3307094","deaD ←","R4",1,0
"60","3445093","rpsE ←","R4",1,0
"61","3535423","envZ ←","R4",1,0
"62","3782535","cysE ←","R4",1,0
"63","3828980","xanP →","R4",1,0
"64","4082695","fdoH ←","R4",1,19.7
"65","4220007","aceK →","R4",1,0
"66","4226344","metH →","R4",1,0
"67","231794","yafD →","R2",2,10.4
"68","458790","clpX → / → lon","R2",2,65.2
"69","486025","acrR →","R2",2,59.3
"70","2536312","crr →","R2",2,0
"71","3205983","ttdR ←","R2",2,17.6
"72","255959","gpt–[ykfC]","R3",2,0
"73","422429","proY → / → malZ","R3",2,13.9
"74","3334709","ispB → / → sfsB","R3",2,0
"75","298557","paoD ←","R4",2,8.9
"76","610878","fepA ←","R4",2,10
"77","729383","ybfA → / → rhsC","R4",2,10.3
"78","1040970","appA →","R4",2,16.9
"79","1080910","putP → / → efeO","R4",2,17.4
"80","1169574","ldtC ←","R4",2,0
"81","1708814","rsxC →","R4",2,10.4
"82","1708901","rsxC →","R4",2,14.2
"83","1708916","rsxC →","R4",2,14.6
"84","2115775","wcaM ←","R4",2,11
"85","2177234","gatY ← / ← fbaB","R4",2,0
"86","2204829","yehL →","R4",2,10.6
"87","2453702","yfcS ← / ← yfcV","R4",2,12.4
"88","2642521","rodZ ←","R4",2,13.7
"89","2725812","kgtP ← / → yfiS","R4",2,10.6
"90","3205983","ttdR ←","R4",2,21.1
"91","3214380","rpoD →","R4",2,0
"92","3307094","deaD ←","R4",2,22.8
"93","3445093","rpsE ←","R4",2,10.2
"94","3535423","envZ ←","R4",2,100
"95","3782535","cysE ←","R4",2,0
"96","3828980","xanP →","R4",2,12.2
"97","4082695","fdoH ←","R4",2,17.2
"98","4220007","aceK →","R4",2,0
"99","4226344","metH →","R4",2,17
"100","231794","yafD →","R2",3,0
"101","458790","clpX → / → lon","R2",3,100
"102","486025","acrR →","R2",3,100
"103","2536312","crr →","R2",3,77.5
"104","3205983","ttdR ←","R2",3,0
"105","255959","gpt–[ykfC]","R3",3,100
"106","422429","proY → / → malZ","R3",3,8.4
"107","3334709","ispB → / → sfsB","R3",3,100
"108","298557","paoD ←","R4",3,10.3
"109","610878","fepA ←","R4",3,0
"110","729383","ybfA → / → rhsC","R4",3,0
"111","1040970","appA →","R4",3,0
"112","1080910","putP → / → efeO","R4",3,0
"113","1169574","ldtC ←","R4",3,42.2
"114","1708814","rsxC →","R4",3,0
"115","1708901","rsxC →","R4",3,9.3
"116","1708916","rsxC →","R4",3,0
"117","2115775","wcaM ←","R4",3,0
"118","2177234","gatY ← / ← fbaB","R4",3,13.6
"119","2204829","yehL →","R4",3,0
"120","2453702","yfcS ← / ← yfcV","R4",3,0
"121","2642521","rodZ ←","R4",3,8.6
"122","2725812","kgtP ← / → yfiS","R4",3,0
"123","3205983","ttdR ←","R4",3,0
"124","3214380","rpoD →","R4",3,0
"125","3307094","deaD ←","R4",3,0
"126","3445093","rpsE ←","R4",3,0
"127","3535423","envZ ←","R4",3,100
"128","3782535","cysE ←","R4",3,100
"129","3828980","xanP →","R4",3,0
"130","4082695","fdoH ←","R4",3,20.7
"131","4220007","aceK →","R4",3,21
"132","4226344","metH →","R4",3,0
